description	filename	checksum
bcm-ucec-proteomics	bcm-ucec-proteomics-UCEC_proteomics_gene_abundance_log2_reference_intensity_normalized_Normal.txt.gz	af169cafba9673decfca03493c209efc
bcm-ucec-transcriptomics	bcm-ucec-transcriptomics-UCEC-gene_rsem_removed_circRNA_tumor_normal_UQ_log2(x+1)_BCM.txt.gz	c98263541e80b4f7d0c0aa972474321c
brca_mapping.csv	brca_mapping.csv	11862c117867a3d46d73d7c164f37324
broad-brca-mapping	broad-brca-mapping-gencode.v34.GRCh38.genes.collapsed_only.gtf.gz	9cb02cfb88d369f2f0c823c5e7510aeb
broad-brca-mapping	broad-brca-mapping-sample_descriptions.tsv.gz	5c87cd2a72ee3b86e59cba80c85968d9
broad-brca-transcriptomics	broad-brca-transcriptomics-BRCA.rsem_transcripts_tpm.txt.gz	784e98fe1c8b69eefb62500d0709069f
broad-ccrcc-mapping	broad-ccrcc-mapping-gencode.v34.GRCh38.genes.collapsed_only.gtf.gz	c8b1aa1f9a42ab2a7afb57684abd7928
broad-ccrcc-mapping	broad-ccrcc-mapping-sample_descriptions.tsv.gz	23002d7df1c9df1abb82e7d8e2e47638
broad-ccrcc-transcriptomics	broad-ccrcc-transcriptomics-CCRCC.rsem_transcripts_tpm.txt.gz	5a655cc385a824202deab297ab87fe07
broad-coad-mapping	broad-coad-mapping-gencode.v34.GRCh38.genes.collapsed_only.gtf.gz	cc84c17d289ad297d647a43872e1a9df
broad-coad-mapping	broad-coad-mapping-sample_descriptions.tsv.gz	90a2b1c03724cc97a4218ce13bc9ebf7
broad-coad-transcriptomics	broad-coad-transcriptomics-Colon.rsem_transcripts_tpm.txt.gz	b639e22f3dba2560de2461d2eb979b8b
broad-gbm-mapping	broad-gbm-mapping-gencode.v34.GRCh38.genes.collapsed_only.gtf.gz	0f246ba3d90eb97270fa630638fb35f1
broad-gbm-mapping	broad-gbm-mapping-sample_descriptions.tsv.gz	5ec9b2ab98d16812a6f873bb3a3f49ee
broad-gbm-transcriptomics	broad-gbm-transcriptomics-GBM.rsem_transcripts_tpm.txt.gz	9129c0ae7593c6584d6ab7fffbb612b7
broad-hnscc-mapping	broad-hnscc-mapping-gencode.v34.GRCh38.genes.collapsed_only.gtf.gz	85403759be8818c26aea675e4861d86f
broad-hnscc-mapping	broad-hnscc-mapping-sample_descriptions.tsv.gz	d5d228a7fd69b6a40708e41908d81504
broad-hnscc-transcriptomics	broad-hnscc-transcriptomics-HNSCC.rsem_transcripts_tpm.txt.gz	595872ccaeecbc41abc18ce48a0f6c36
broad-lscc-mapping	broad-lscc-mapping-gencode.v34.GRCh38.genes.collapsed_only.gtf.gz	b85df708b7fb1931952c518acc8557e9
broad-lscc-mapping	broad-lscc-mapping-sample_descriptions.tsv.gz	a1bcee2cc90673bb55ef58601e7eb731
broad-lscc-transcriptomics	broad-lscc-transcriptomics-LSCC.rsem_transcripts_tpm.txt.gz	55318e4a63c44194ae0d0b331f315d29
broad-luad-mapping	broad-luad-mapping-aliquot_to_patient_ID.tsv.gz	2b3c8737f1042b459d80c0957af2a3e9
broad-luad-mapping	broad-luad-mapping-gencode.v34.GRCh38.genes.collapsed_only.gtf.gz	b368d1fa94acb5f0ccf3d9c7fa4cd68b
broad-luad-mapping	broad-luad-mapping-sample_descriptions.tsv.gz	bfe71334a033406a2df78d573e120a0d
broad-luad-transcriptomics	broad-luad-transcriptomics-LUAD.rsem_transcripts_tpm.txt.gz	84474696325fe5ac23d4a979cb8a4d02
broad-ov-mapping	broad-ov-mapping-gencode.v34.GRCh38.genes.collapsed_only.gtf.gz	15cca4cd28544d8c5a5cc060b1f1d016
broad-ov-mapping	broad-ov-mapping-sample_descriptions.tsv.gz	5e724016ed40e225e388875433eb4d2e
broad-ov-transcriptomics	broad-ov-transcriptomics-Ovary.rsem_transcripts_tpm.txt.gz	4eba6c1ee611de5cc86a56f53c3129da
broad-pdac-mapping	broad-pdac-mapping-gencode.v34.GRCh38.genes.collapsed_only.gtf.gz	74a3480e3eccb05352a0969a3fade9d6
broad-pdac-mapping	broad-pdac-mapping-sample_descriptions.tsv.gz	d4a1822ac35ef6c50f115c56c171513c
broad-pdac-transcriptomics	broad-pdac-transcriptomics-PDAC.rsem_transcripts_tpm.txt.gz	06a2c45843970e4b40234142e828d1bb
broad-ucec-mapping	broad-ucec-mapping-aliquot_to_patient_ID.tsv.gz	662b0c86835e5e164925aa24fca4c427
broad-ucec-mapping	broad-ucec-mapping-gencode.v34.GRCh38.genes.collapsed_only.gtf.gz	48e2a2da4fe2528ec6107b4c3b4b63b9
broad-ucec-mapping	broad-ucec-mapping-sample_descriptions.tsv.gz	36b912264f3035d7d6c54e5d3124fd78
broad-ucec-transcriptomics	broad-ucec-transcriptomics-UCEC.rsem_transcripts_tpm.txt.gz	29ecfa78ec53ae302889e9d7a268c273
cptac_genes.csv	cptac_genes.csv	afc250790ed6d18a7624a38fb872f62a
harmonized-all_cancers-ancestry_prediction	harmonized-all_cancers-ancestry_prediction-washu_mssm_consensus_ancestries.tsv.gz	78967833e893c5bb368695b16d30a1d6
harmonized-all_cancers-somatic_mutation	harmonized-all_cancers-somatic_mutation-PanCan_Union_Maf_Broad_WashU_v1.1.maf.gz	93605378348864c9c40eaf497512c2b1
mssm-all_cancers-clinical	mssm-all_cancers-clinical-clinical_Pan-cancer.May2022.tsv.gz	718195847eeba955b00c5a9355cb004f
umich-brca-acetylproteomics	umich-brca-acetylproteomics-abundance_multi-site_MD.tsv.gz	45200cb3cdcb7408626fa85b9566061c
umich-brca-acetylproteomics	umich-brca-acetylproteomics-abundance_single-site_MD.tsv.gz	f808d16a47e0106b0fa8880482d11ef2
umich-brca-mapping	umich-brca-mapping-prosp-brca-all-samples.txt.gz	3c34e7f611908c1de1c58258e103cb77
umich-brca-phosphoproteomics	umich-brca-phosphoproteomics-Report_abundance_groupby=multi-site_protNorm=MD_gu=2.tsv.gz	ba50a51b408e53960b216afab9408bc5
umich-brca-proteomics	umich-brca-proteomics-Report_abundance_groupby=protein_protNorm=MD_gu=2.tsv.gz	74097530bdecc6ebb1389fc78a6fc6dd
umich-ccrcc-mapping	umich-ccrcc-mapping-aliquot_to_patient_ID.tsv.gz	253ded284f5b037107afe571d86bf100
umich-ccrcc-phosphoproteomics	umich-ccrcc-phosphoproteomics-Report_abundance_groupby=multi-site_protNorm=MD_gu=2.tsv.gz	b35b3f02732ebd846a00fd288be67eb5
umich-ccrcc-proteomics	umich-ccrcc-proteomics-Report_abundance_groupby=protein_protNorm=MD_gu=2.tsv.gz	e606fb42c73e0c41749838305d99e86a
umich-coad-mapping	umich-coad-mapping-CRC_Prospective sample info.xlsx	8c42e1bdf4cc59d886bba1541c7640dc
umich-coad-phosphoproteomics	umich-coad-phosphoproteomics-Report_abundance_groupby=multi-site_protNorm=MD_gu=2.tsv.gz	c757792079e155f1219e085c73cf6fe7
umich-coad-proteomics	umich-coad-proteomics-Report_abundance_groupby=protein_protNorm=MD_gu=2.tsv.gz	4a93ce1dbe2b2aff738288e4ebca64aa
umich-gbm-acetylproteomics	umich-gbm-acetylproteomics-abundance_multi-site_MD.tsv.gz	74066d426822de06492521f26b6f903d
umich-gbm-acetylproteomics	umich-gbm-acetylproteomics-abundance_single-site_MD.tsv.gz	9da77d54ffbb0b9d88d90c95ebf455c4
umich-gbm-mapping	umich-gbm-mapping-aliquot_to_patient_ID.tsv.gz	c8fded9283206e0e0a3a3a4079c66aa9
umich-gbm-phosphoproteomics	umich-gbm-phosphoproteomics-Report_abundance_groupby=multi-site_protNorm=MD_gu=2.tsv.gz	3484fbce97d99d0f18d7eaeea3544c56
umich-gbm-proteomics	umich-gbm-proteomics-Report_abundance_groupby=protein_protNorm=MD_gu=2.tsv.gz	d374a60b71f533bfa297c68facd345ee
umich-hnscc-phosphoproteomics	umich-hnscc-phosphoproteomics-Report_abundance_groupby=multi-site_protNorm=MD_gu=2.tsv.gz	19069cb29fb6a19165439bb335926a90
umich-hnscc-proteomics	umich-hnscc-proteomics-Report_abundance_groupby=protein_protNorm=MD_gu=2.tsv.gz	edeb69e1d310a9dd044a3c0a1511d5f3
umich-lscc-acetylproteomics	umich-lscc-acetylproteomics-abundance_multi-site_MD.tsv.gz	0de0743977292375ca48edec7a09c7c7
umich-lscc-acetylproteomics	umich-lscc-acetylproteomics-abundance_single-site_MD.tsv.gz	4e6e41652d85d9bbe6b14a4cfb7275e7
umich-lscc-mapping	umich-lscc-mapping-aliquot_to_patient_ID.tsv.gz	0ae287c0d8f98a7b2c25354720f17525
umich-lscc-phosphoproteomics	umich-lscc-phosphoproteomics-Report_abundance_groupby=multi-site_protNorm=MD_gu=2.tsv.gz	477a38b31ce9394213281f24f7e6abdd
umich-lscc-proteomics	umich-lscc-proteomics-Report_abundance_groupby=protein_protNorm=MD_gu=2.tsv.gz	4d152abdd8845b1ecc9dc5ae14a38d92
umich-luad-acetylproteomics	umich-luad-acetylproteomics-abundance_multi-site_MD.tsv.gz	7f13759e47efe2670a372fe4dae9138e
umich-luad-acetylproteomics	umich-luad-acetylproteomics-abundance_single-site_MD.tsv.gz	8fc0de015508cc4c69cc190dde443b4c
umich-luad-mapping	umich-luad-mapping-aliquot_to_patient_ID.tsv.gz	095cbbcf1a2886d58d00fa8d20b9b77b
umich-luad-phosphoproteomics	umich-luad-phosphoproteomics-Report_abundance_groupby=multi-site_protNorm=MD_gu=2.tsv.gz	19bb3f93a0ed263ebb4f3ab40edfde64
umich-luad-proteomics	umich-luad-proteomics-Report_abundance_groupby=protein_protNorm=MD_gu=2.tsv.gz	5a545509bfba0029168949a2865ee472
umich-ov-mapping	umich-ov-mapping-OV_sample_TMT_annotation_UMich_GENCODE34_0315.csv.gz	2fa67f9ebf80edd29bc2f0b79aec48a4
umich-ov-proteomics	umich-ov-proteomics-Report_abundance_groupby=protein_protNorm=MD_gu=2.tsv.gz	7205e494f5726d47e095e392634bd15b
umich-pdac-mapping	umich-pdac-mapping-aliquot_to_patient_ID.tsv.gz	b013fad4a8f9fa26aa3915c0ef636754
umich-pdac-phosphoproteomics	umich-pdac-phosphoproteomics-Report_abundance_groupby=multi-site_protNorm=MD_gu=2.tsv.gz	7f8a56a443a4f032730bb667b99b59fa
umich-pdac-proteomics	umich-pdac-proteomics-Report_abundance_groupby=protein_protNorm=MD_gu=2.tsv.gz	a8c89b796b8ddacd48609e8ca7aac676
umich-ucec-acetylproteomics	umich-ucec-acetylproteomics-abundance_multi-site_MD.tsv.gz	32662a5359d097fe6668b77ac8185c4d
umich-ucec-acetylproteomics	umich-ucec-acetylproteomics-abundance_single-site_MD.tsv.gz	114134bd5fbecb05596a94687df9e485
umich-ucec-mapping	umich-ucec-mapping-aliquot_to_patient_ID.tsv.gz	5efbf2e09214bf6986904705a2c852bf
umich-ucec-phosphoproteomics	umich-ucec-phosphoproteomics-Report_abundance_groupby=multi-site_protNorm=MD_gu=2.tsv.gz	41b8b311c42c378d1fe83a7f82926515
umich-ucec-proteomics	umich-ucec-proteomics-Report_abundance_groupby=protein_protNorm=MD_gu=2.tsv.gz	a9ac7babc4f87d2f20b60c0d9eccec6a
version.txt	version.txt	35c36e89ef751b74c7aa3b07d7e0f6b6
washu-all_cancers-hla_typing	washu-all_cancers-hla_typing-hla.sample.ct.10152021.sort.tsv.gz	47078557a8e9d29d25b84380a3d9ba34
washu-all_cancers-tumor_purity	washu-all_cancers-tumor_purity-CPTAC_pancan_RNA_tumor_purity_ESTIMATE_WashU.tsv.gz	0f1712c6582fe155763411f7971acc05
washu-brca-cibersort	washu-brca-cibersort-CIBERSORT.Output_Abs_BR.txt.gz	c7515754246660ca34faa8a42f00aa5e
washu-brca-CNV	washu-brca-CNV-BR.gene_level.from_seg.filtered.tsv.gz	8c421a5419063ff6f5d5193102b4d273
washu-brca-mapping	washu-brca-mapping-gencode.v22.annotation.gtf.gz	291330bdcff1094bc4d5645de35e0871
washu-brca-transcriptomics	washu-brca-transcriptomics-BR_tumor_RNA-Seq_Expr_WashU_FPKM.tsv.gz	2ffb676c554a828d6e84040f55be63a8
washu-brca-xcell	washu-brca-xcell-BR_xCell.txt.gz	54c185b5e96e98324550a6b017e24b28
washu-ccrcc-cibersort	washu-ccrcc-cibersort-CIBERSORT.Output_Abs_ccRCC.txt.gz	a947bcce5de006e251e8d48c0aa24680
washu-ccrcc-CNV	washu-ccrcc-CNV-ccRCC.gene_level.from_seg.filtered.tsv.gz	b28b9151723929b9c870713e52a2929d
washu-ccrcc-mapping	washu-ccrcc-mapping-gencode.v22.annotation.gtf.gz	291330bdcff1094bc4d5645de35e0871
washu-ccrcc-mature_miRNA	washu-ccrcc-mature_miRNA-ccRCC_mature_miRNA_combined.tsv.gz	5f29da05113b595ab1641d92f2f49c49
washu-ccrcc-precursor_miRNA	washu-ccrcc-precursor_miRNA-ccRCC_precursor_miRNA_combined.tsv.gz	2a588b816e7c675a69655b0f8dddbb72
washu-ccrcc-total_miRNA	washu-ccrcc-total_miRNA-ccRCC_total_miRNA_combined.tsv.gz	3d73c121f7cf7cda2bc8d147a693836b
washu-ccrcc-transcriptomics	washu-ccrcc-transcriptomics-ccRCC_NAT_RNA-Seq_Expr_WashU_FPKM.tsv.gz	afea7476a61661281d3291a150a0e7da
washu-ccrcc-transcriptomics	washu-ccrcc-transcriptomics-ccRCC_tumor_RNA-Seq_Expr_WashU_FPKM.tsv.gz	a4463000b858722dd70fb4007912b45e
washu-ccrcc-xcell	washu-ccrcc-xcell-ccRCC_xCell.txt.gz	6c747204c589c8ce83f6997619180b79
washu-coad-cibersort	washu-coad-cibersort-CIBERSORT.Output_Abs_CO.txt.gz	4e413cd46ba0241ba4010aeb8fcc079e
washu-coad-CNV	washu-coad-CNV-CO.gene_level.from_seg.filtered.tsv.gz	81cfbffb1d91630c4ac71512343d13ba
washu-coad-mapping	washu-coad-mapping-gencode.v22.annotation.gtf.gz	291330bdcff1094bc4d5645de35e0871
washu-coad-somatic_mutation	washu-coad-somatic_mutation-CO_prospective.dnp.annotated.exonic.addrecovercases.maf.gz	3c9bfac2d797ab6a13279f759f284a98
washu-coad-transcriptomics	washu-coad-transcriptomics-CO_tumor_RNA-Seq_Expr_WashU_FPKM.tsv.gz	85d879f07b1de55313992adf19c1714a
washu-coad-xcell	washu-coad-xcell-CO_xCell.txt.gz	29d30a2ac7b7e19fd45ea2532e545219
washu-gbm-cibersort	washu-gbm-cibersort-CIBERSORT.Output_Abs_GBM.txt.gz	311ae929a45154695d2a09675954e88b
washu-gbm-CNV	washu-gbm-CNV-GBM.gene_level.from_seg.filtered.tsv.gz	4f6d845cdaee248e0745b2257bd047a2
washu-gbm-mapping	washu-gbm-mapping-gencode.v22.annotation.gtf.gz	291330bdcff1094bc4d5645de35e0871
washu-gbm-mature_miRNA	washu-gbm-mature_miRNA-GBM_mature_miRNA_combined.tsv.gz	23b4f38fc7ed7adbd563214b63f31c79
washu-gbm-precursor_miRNA	washu-gbm-precursor_miRNA-GBM_precursor_miRNA_combined.tsv.gz	8675293ed84f1cefe888ecfe67ab35d1
washu-gbm-somatic_mutation	washu-gbm-somatic_mutation-GBM_discovery.dnp.annotated.exonic.maf.gz	3cffca48a6058ec45f6e18e9f104f286
washu-gbm-total_miRNA	washu-gbm-total_miRNA-GBM_total_miRNA_combined.tsv.gz	7896a592137254b26e0846e73ed050f7
washu-gbm-transcriptomics	washu-gbm-transcriptomics-GBM_tumor_RNA-Seq_Expr_WashU_FPKM.tsv.gz	28ef3f67257aed0cd3827f3c01d9fdc9
washu-gbm-xcell	washu-gbm-xcell-GBM_xCell.txt.gz	9ccf86bf075f19759dc5df8e17ad2594
washu-hnscc-cibersort	washu-hnscc-cibersort-CIBERSORT.Output_Abs_HNSCC.txt.gz	5832693c218085ce2e4f159185389f02
washu-hnscc-CNV	washu-hnscc-CNV-HNSCC.gene_level.from_seg.filtered.tsv.gz	4de63ec69723902baff82ce642e332e3
washu-hnscc-mapping	washu-hnscc-mapping-gencode.v22.annotation.gtf.gz	291330bdcff1094bc4d5645de35e0871
washu-hnscc-mature_miRNA	washu-hnscc-mature_miRNA-HNSCC_mature_miRNA_combined.tsv.gz	4bcaa5d00b3d43dfdb4e5a8d2e71ba64
washu-hnscc-precursor_miRNA	washu-hnscc-precursor_miRNA-HNSCC_precursor_miRNA_combined.tsv.gz	522288c1c8c98d143ce54840c089a7e8
washu-hnscc-somatic_mutation	washu-hnscc-somatic_mutation-HNSCC_discovery.dnp.annotated.exonic.maf.gz	55deeddee75dadf77e58074cce5b7d4e
washu-hnscc-total_miRNA	washu-hnscc-total_miRNA-HNSCC_total_miRNA_combined.tsv.gz	8a55eb6873c64cb6034a190503ddf864
washu-hnscc-transcriptomics	washu-hnscc-transcriptomics-HNSCC_NAT_RNA-Seq_Expr_WashU_FPKM.tsv.gz	f0c8d513564c332b5b121327292aaa74
washu-hnscc-transcriptomics	washu-hnscc-transcriptomics-HNSCC_tumor_RNA-Seq_Expr_WashU_FPKM.tsv.gz	3ffe6f6c7fc9e1d24b5ca00a8a00bb86
washu-hnscc-xcell	washu-hnscc-xcell-HNSCC_xCell.txt.gz	cacc94df9017f5a6b01a4b5828394d09
washu-lscc-cibersort	washu-lscc-cibersort-CIBERSORT.Output_Abs_LSCC.txt.gz	ac79bf98b241124fcfabb2d6b113fb59
washu-lscc-CNV	washu-lscc-CNV-LSCC.gene_level.from_seg.filtered.tsv.gz	ac7b8f81d1c2aee0b673ddd765d93d89
washu-lscc-mapping	washu-lscc-mapping-gencode.v22.annotation.gtf.gz	291330bdcff1094bc4d5645de35e0871
washu-lscc-mature_miRNA	washu-lscc-mature_miRNA-LSCC_mature_miRNA_combined.tsv.gz	9be5eb241127e9049a9d4c92f021a677
washu-lscc-precursor_miRNA	washu-lscc-precursor_miRNA-LSCC_precursor_miRNA_combined.tsv.gz	046f99b9e677f55d19306e0cdb44c5cf
washu-lscc-somatic_mutation	washu-lscc-somatic_mutation-LSCC_discovery.dnp.annotated.exonic.maf.gz	c1cc7c58333c04970d6e2e16f82b907e
washu-lscc-total_miRNA	washu-lscc-total_miRNA-LSCC_total_miRNA_combined.tsv.gz	3ea291a6e8ab747e74dc13209d583f13
washu-lscc-xcell	washu-lscc-xcell-LSCC_xCell.txt.gz	76cb2c32ad8eb3b32e5b271d3459d54b
washu-luad-cibersort	washu-luad-cibersort-CIBERSORT.Output_Abs_LUAD.txt.gz	255e997e012ae72f093d96651b8a33f3
washu-luad-CNV	washu-luad-CNV-LUAD.gene_level.from_seg.filtered.tsv.gz	c9633be4b9473b8ae38a73c8884447a8
washu-luad-mapping	washu-luad-mapping-gencode.v22.annotation.gtf.gz	291330bdcff1094bc4d5645de35e0871
washu-luad-mature_miRNA	washu-luad-mature_miRNA-LUAD_mature_miRNA_combined.tsv.gz	49a347b7721290a0e122841de773945f
washu-luad-precursor_miRNA	washu-luad-precursor_miRNA-LUAD_precursor_miRNA_combined.tsv.gz	96f15757e9388fe03fce6b9138757059
washu-luad-somatic_mutation	washu-luad-somatic_mutation-LUAD_discovery.dnp.annotated.exonic.maf.gz	2cf76404f08539b4205e3e3c75de5f2d
washu-luad-total_miRNA	washu-luad-total_miRNA-LUAD_total_miRNA_combined.tsv.gz	03aeb555a5a8a01f1bdb54122d62fcec
washu-luad-transcriptomics	washu-luad-transcriptomics-LUAD_NAT_RNA-Seq_Expr_WashU_FPKM.tsv.gz	25518b5fdcac8ffa70d69a0e4cfe73d6
washu-luad-transcriptomics	washu-luad-transcriptomics-LUAD_tumor_RNA-Seq_Expr_WashU_FPKM.tsv.gz	166b67f883d2b0e02c5e41531073aa2b
washu-luad-xcell	washu-luad-xcell-LUAD_xCell.txt.gz	d0859cf45cd4fb78a248eb6b2c47a8e3
washu-ov-cibersort	washu-ov-cibersort-CIBERSORT.Output_Abs_OV.txt.gz	639edca053179a900fc5d5055930ed1b
washu-ov-CNV	washu-ov-CNV-OV.gene_level.from_seg.filtered.tsv.gz	37effee078ad395cdacdb05a36f6013c
washu-ov-mapping	washu-ov-mapping-gencode.v22.annotation.gtf.gz	291330bdcff1094bc4d5645de35e0871
washu-ov-somatic_mutation	washu-ov-somatic_mutation-OV_prospective.dnp.annotated.exonic.addrecovercases.maf.gz	ea8b6e60c8fa9ed1ce79f2ad9321100b
washu-ov-transcriptomics	washu-ov-transcriptomics-OV_tumor_RNA-Seq_Expr_WashU_FPKM.tsv.gz	7c87400d2d10da7dcceb40cfa9ad2c96
washu-ov-xcell	washu-ov-xcell-OV_xCell.txt.gz	381bfed354302474aad41ed742e0c140
washu-pdac-cibersort	washu-pdac-cibersort-CIBERSORT.Output_Abs_PDA.txt.gz	53bcee70903440461641514d7b6b9ee7
washu-pdac-CNV	washu-pdac-CNV-PDA.gene_level.from_seg.filtered.tsv.gz	3016d0aa90a0473f817f7e6602df58cc
washu-pdac-mapping	washu-pdac-mapping-gencode.v22.annotation.gtf.gz	291330bdcff1094bc4d5645de35e0871
washu-pdac-mature_miRNA	washu-pdac-mature_miRNA-PDAC_mature_miRNA_combined.tsv.gz	8ab951aca3c0547f179eac9034ada1d8
washu-pdac-precursor_miRNA	washu-pdac-precursor_miRNA-PDAC_precursor_miRNA_combined.tsv.gz	128951a5086c68bd6728d7149bb0cc6a
washu-pdac-somatic_mutation	washu-pdac-somatic_mutation-PDA_discovery.dnp.annotated.exonic.maf.gz	491311a983493459d7e4d1d58540ba96
washu-pdac-total_miRNA	washu-pdac-total_miRNA-PDAC_total_miRNA_combined.tsv.gz	ff8f5648216c90d694a0834ebd9d3b4b
washu-pdac-transcriptomics	washu-pdac-transcriptomics-PDA_NAT_RNA-Seq_Expr_WashU_FPKM.tsv.gz	1fce377e84dd36f347196f0eb9bff340
washu-pdac-transcriptomics	washu-pdac-transcriptomics-PDA_tumor_RNA-Seq_Expr_WashU_FPKM.tsv.gz	cbdd73aa815ae348c6ba8e69642208fe
washu-pdac-xcell	washu-pdac-xcell-PDA_xCell.txt.gz	5db8e472c426b61e4b434d5a469761eb
washu-ucec-cibersort	washu-ucec-cibersort-CIBERSORT.Output_Abs_EC.txt.gz	d401b263261bcf2d94cc99f8e1e50e00
washu-ucec-CNV	washu-ucec-CNV-UCEC.gene_level.from_seg.filtered.tsv.gz	ea5fc85585aa84b8f5ecd21540f1f4bc
washu-ucec-mapping	washu-ucec-mapping-gencode.v22.annotation.gtf.gz	291330bdcff1094bc4d5645de35e0871
washu-ucec-mature_miRNA	washu-ucec-mature_miRNA-UCEC_mature_miRNA_combined.tsv.gz	1d6cc274ce0a0cfbd8d80cf299e96e10
washu-ucec-precursor_miRNA	washu-ucec-precursor_miRNA-UCEC_precursor_miRNA_combined.tsv.gz	c1feea834445e291c4315cbe446cdd7a
washu-ucec-somatic_mutation	washu-ucec-somatic_mutation-EC_discovery.dnp.annotated.exonic.maf.gz	18080d72fbd2851c55ee38a0f4127462
washu-ucec-total_miRNA	washu-ucec-total_miRNA-UCEC_total_miRNA_combined.tsv.gz	f203c6023639bef855122cdc86100337
washu-ucec-transcriptomics	washu-ucec-transcriptomics-EC_NAT_RNA-Seq_Expr_WashU_FPKM.tsv.gz	e0107c4af3c3df206c68c7c12e66572f
washu-ucec-transcriptomics	washu-ucec-transcriptomics-EC_tumor_RNA-Seq_Expr_WashU_FPKM.tsv.gz	6d6a9cc3753a0c5615e11ea045479326
washu-ucec-xcell	washu-ucec-xcell-EC_xCell.txt.gz	546baa1e39b0447190873fe12865968a
bcm-ccrcc-phosphoproteomics	bcm-ccrcc-phosphoproteomics-CCRCC_phospho_site_abundance_log2_reference_intensity_normalized_Normal.txt.gz	41afdaa57bfef0065b5d8e2e8d762c8d
bcm-ccrcc-miRNA	bcm-ccrcc-miRNA-ccRCC_miRNAseq_mature_miRNA_RPM_log2_Tumor.txt.gz	26bbc28c75d72508bb4674e46d957d36
bcm-ccrcc-miRNA	bcm-ccrcc-miRNA-ccRCC_miRNAseq_mature_miRNA_RPM_log2_Normal.txt.gz	d9c289193e66bf22e5556bdbf0f810f0
bcm-ccrcc-mapping	bcm-ccrcc-mapping-gencode.v34.basic.annotation-mapping.txt.gz	3b8ddac3ab238610bae6f759fd404c17
bcm-ccrcc-CNV	bcm-ccrcc-CNV-ccRCC_WES_CNV_gene_ratio_log2.txt.gz	c7055ca8c435cdd527606b9a10b21fc0
bcm-ccrcc-circular_RNA	bcm-ccrcc-circular_RNA-CCRCC-circRNA_rsem_tumor_normal_UQ_log2(x+1)_BCM.txt.gz	56b6ea60f24f2b1a8e5b2c0cdc2111e4
bcm-brca-transcriptomics	bcm-brca-transcriptomics-BRCA-gene_RSEM_tumor_normal_UQ_log2(x+1)_BCM.txt.gz	e4de5faf4bdc233d6b20206fa8274ed1
bcm-brca-proteomics	bcm-brca-proteomics-BRCA_proteomics_gene_abundance_log2_reference_intensity_normalized_Tumor.txt.gz	a74586b63f55f0730f16adc0b32e41b8
bcm-brca-phosphoproteomics	bcm-brca-phosphoproteomics-BRCA_phospho_site_abundance_log2_reference_intensity_normalized_Tumor.txt	43190f63b42ee64d3a82e4bd7a08d30f
bcm-brca-miRNA	bcm-brca-miRNA-BRCA_miRNAseq_mature_miRNA_RPM_log2_Tumor.txt.gz	f671185417752dedddda4e66b679fcfe
bcm-brca-mapping	bcm-brca-mapping-gencode.v34.basic.annotation-mapping.txt.gz	3b8ddac3ab238610bae6f759fd404c17
bcm-brca-CNV	bcm-brca-CNV-BRCA_WES_CNV_gene_ratio_log2.txt.gz	fdcf617e2fc60e2359b74b1a9ba3cde7
bcm-ccrcc-phosphoproteomics	bcm-ccrcc-phosphoproteomics-CCRCC_phospho_site_abundance_log2_reference_intensity_normalized_Tumor.txt	bdcb12abfc7e3c730c6102c7443e8880
bcm-ccrcc-proteomics	bcm-ccrcc-proteomics-CCRCC_proteomics_gene_abundance_log2_reference_intensity_normalized_Normal.txt.gz	2d30cbea85c1f6152012cf6099dc9209
bcm-ccrcc-proteomics	bcm-ccrcc-proteomics-CCRCC_proteomics_gene_abundance_log2_reference_intensity_normalized_Tumor.txt.gz	264d093f48ba9662bd56b9b19d9af73b
bcm-ccrcc-transcriptomics	bcm-ccrcc-transcriptomics-CCRCC-gene_rsem_removed_circRNA_tumor_normal_UQ_log2(x+1)_BCM.txt.gz	a799ffebbfadff815afa5f8d9596e230
bcm-coad-CNV	bcm-coad-CNV-COAD_WES_CNV_gene_ratio_log2.txt.gz	7e661d470c1a9edc1d0148fb90f6c850
bcm-coad-mapping	bcm-coad-mapping-gencode.v34.basic.annotation-mapping.txt.gz	e6fbb5ea574d812dadc5895250ac3bd7
bcm-coad-miRNA	bcm-coad-miRNA-COAD_miRNAseq_mature_miRNA_RPM_log2_Tumor.txt.gz	9008f390fdc401dfb70c597241085e63
bcm-coad-phosphoproteomics	bcm-coad-phosphoproteomics-COAD_phospho_site_abundance_log2_reference_intensity_normalized_Normal.txt.gz	1abe28c75460fde3a9b71a89136cf745
bcm-coad-phosphoproteomics	bcm-coad-phosphoproteomics-COAD_phospho_site_abundance_log2_reference_intensity_normalized_Tumor.txt	d2c5abbbd39978749c41281b41fc9775
bcm-coad-proteomics	bcm-coad-proteomics-COAD_proteomics_gene_abundance_log2_reference_intensity_normalized_Normal.txt.gz	1f08c3e492ece7208178ece5d83960b2
bcm-coad-proteomics	bcm-coad-proteomics-COAD_proteomics_gene_abundance_log2_reference_intensity_normalized_Tumor.txt.gz	6a146072cbcbe64db8764b632c2e94ae
bcm-coad-transcriptomics	bcm-coad-transcriptomics-CRC-gene_RSEM_tumor_normal_UQ_log2(x+1)_BCM.txt.gz	ef362745740685122c81377fbd8fa770
bcm-gbm-circular_RNA	bcm-gbm-circular_RNA-GBM-circRNA_rsem_tumor_normal_UQ_log2(x+1)_BCM.txt.gz	0a0f3321e959a9fd7593c7fdd9bad589
bcm-gbm-CNV	bcm-gbm-CNV-GBM_WES_CNV_gene_ratio_log2.txt.gz	33900fdde81bfc7149a592cad2423a54
bcm-gbm-mapping	bcm-gbm-mapping-gencode.v34.basic.annotation-mapping.txt.gz	c4671dffa2aceb0814dab4c044dbd4b9
bcm-gbm-miRNA	bcm-gbm-miRNA-GBM_miRNAseq_mature_miRNA_RPM_log2_Tumor.txt.gz	594c6586ab63e31103715e27c9bdd5c7
bcm-gbm-phosphoproteomics	bcm-gbm-phosphoproteomics-GBM_phospho_site_abundance_log2_reference_intensity_normalized_Tumor.txt	42248252cdb60fb818d9334a5dab561c
bcm-gbm-proteomics	bcm-gbm-proteomics-GBM_proteomics_gene_abundance_log2_reference_intensity_normalized_Tumor.txt.gz	6380e8188f8e52326e4e3badc5935be3
bcm-gbm-transcriptomics	bcm-gbm-transcriptomics-GBM-gene_rsem_removed_circRNA_tumor_normal_UQ_log2(x+1)_BCM.txt.gz	2013e880041365f4ff50e65b870e28d7
bcm-hnscc-circular_RNA	bcm-hnscc-circular_RNA-HNSCC-circRNA_rsem_tumor_normal_UQ_log2(x+1)_BCM.txt.gz	5ba92fe4a35276be27533077423fc898
bcm-hnscc-mapping	bcm-hnscc-mapping-gencode.v34.basic.annotation-mapping.txt.gz	d86c462526a2ac0c98f4fa0f2a5a5031
bcm-hnscc-miRNA	bcm-hnscc-miRNA-HNSCC_miRNAseq_mature_miRNA_RPM_log2_Normal.txt.gz	0bd10bb8acad19ff5ccb7afe0c420f45
bcm-hnscc-miRNA	bcm-hnscc-miRNA-HNSCC_miRNAseq_mature_miRNA_RPM_log2_Tumor.txt.gz	43dc0e32f770d506b5633b15f9478f78
bcm-hnscc-phosphoproteomics	bcm-hnscc-phosphoproteomics-HNSCC_phospho_site_abundance_log2_reference_intensity_normalized_Normal.txt.gz	701a5968db7ed18c4245b7d249d6d053
bcm-hnscc-phosphoproteomics	bcm-hnscc-phosphoproteomics-HNSCC_phospho_site_abundance_log2_reference_intensity_normalized_Tumor.txt	96bc99e876c18457cc5569cc77d6b6a0
bcm-hnscc-proteomics	bcm-hnscc-proteomics-HNSCC_proteomics_gene_abundance_log2_reference_intensity_normalized_Normal.txt.gz	0650c18299097bf70b58b7c8c308430a
bcm-hnscc-proteomics	bcm-hnscc-proteomics-HNSCC_proteomics_gene_abundance_log2_reference_intensity_normalized_Tumor.txt.gz	0f5eb0976fcf774639f53df780c1d4ae
bcm-hnscc-transcriptomics	bcm-hnscc-transcriptomics-HNSCC-gene_rsem_removed_circRNA_tumor_normal_UQ_log2(x+1)_BCM.txt.gz	6112161c3eb093b4fabc66711a5e1b1b
bcm-lscc-circular_RNA	bcm-lscc-circular_RNA-LSCC-circRNA_rsem_tumor_normal_UQ_log2(x+1)_BCM.txt.gz	9c3cb9291aa1c31c913c55eb0eed30b8
bcm-lscc-CNV	bcm-lscc-CNV-LSCC_WES_CNV_gene_ratio_log2.txt.gz	d2a4699acedf9aa6903399b8cedbb80b
bcm-lscc-mapping	bcm-lscc-mapping-gencode.v34.basic.annotation-mapping.txt.gz	cf0193dfdaa1849d30efd4c4c4823f1e
bcm-lscc-miRNA	bcm-lscc-miRNA-LSCC_miRNAseq_mature_miRNA_RPM_log2_Normal.txt.gz	aab50cbc5cdf054f362c00e48716d827
bcm-lscc-miRNA	bcm-lscc-miRNA-LSCC_miRNAseq_mature_miRNA_RPM_log2_Tumor.txt.gz	d4929cd334c993504002d789ff37dce5
bcm-lscc-phosphoproteomics	bcm-lscc-phosphoproteomics-LSCC_phospho_site_abundance_log2_reference_intensity_normalized_Normal.txt.gz	50885993eeb4794aa2f49df15e6388c2
bcm-lscc-phosphoproteomics	bcm-lscc-phosphoproteomics-LSCC_phospho_site_abundance_log2_reference_intensity_normalized_Tumor.txt	e23e02209ccc9cdca824184b16f1450b
bcm-lscc-proteomics	bcm-lscc-proteomics-LSCC_proteomics_gene_abundance_log2_reference_intensity_normalized_Normal.txt.gz	32f44e4249568fb2901f38232125e591
bcm-lscc-proteomics	bcm-lscc-proteomics-LSCC_proteomics_gene_abundance_log2_reference_intensity_normalized_Tumor.txt.gz	c585436d5dd4e4d2b50e184e96029db3
bcm-lscc-transcriptomics	bcm-lscc-transcriptomics-LSCC-gene_rsem_removed_circRNA_tumor_normal_UQ_log2(x+1)_BCM.txt.gz	79e5f0c46f1f8bfcd7386add33c9fcdb
bcm-luad-circular_RNA	bcm-luad-circular_RNA-LUAD-circRNA_rsem_tumor_normal_UQ_log2(x+1)_BCM.txt.gz	1b77a0f9078a627e22dfb7ab3a84bbff
bcm-luad-CNV	bcm-luad-CNV-LUAD_WES_CNV_gene_ratio_log2.txt.gz	25fcb97879e7750a4808bc33c5afb816
bcm-luad-mapping	bcm-luad-mapping-gencode.v34.basic.annotation-mapping.txt.gz	6e60ba1eb9ae894049b54f1d786dd496
bcm-luad-miRNA	bcm-luad-miRNA-LUAD_miRNAseq_mature_miRNA_RPM_log2_Normal.txt.gz	b73469e167f9748499f9eac03c6cbd48
bcm-luad-miRNA	bcm-luad-miRNA-LUAD_miRNAseq_mature_miRNA_RPM_log2_Tumor.txt.gz	14b4ed692b58ef3e764ad675bee02f85
bcm-luad-phosphoproteomics	bcm-luad-phosphoproteomics-LUAD_phospho_site_abundance_log2_reference_intensity_normalized_Normal.txt.gz	b5141de4e84c12ce4b3e83f5d19925cb
bcm-luad-phosphoproteomics	bcm-luad-phosphoproteomics-LUAD_phospho_site_abundance_log2_reference_intensity_normalized_Tumor.txt	f08157347fc37565ef2aabfdeabefd29
bcm-luad-proteomics	bcm-luad-proteomics-LUAD_proteomics_gene_abundance_log2_reference_intensity_normalized_Normal.txt.gz	91cda5f7694c2a7d638f5fb8f3bb98fb
bcm-luad-proteomics	bcm-luad-proteomics-LUAD_proteomics_gene_abundance_log2_reference_intensity_normalized_Tumor.txt.gz	c234a021ab39f4bf1023ca86cf323818
bcm-luad-transcriptomics	bcm-luad-transcriptomics-LUAD-gene_rsem_removed_circRNA_tumor_normal_UQ_log2(x+1)_BCM.txt.gz	179aef2812603a70ed2b03958762d51d
bcm-ov-CNV	bcm-ov-CNV-HGSC_WES_CNV_gene_ratio_log2.txt.gz	ea7b26916468d99d6738bfbf4a5fd0b4
bcm-ov-mapping	bcm-ov-mapping-gencode.v34.basic.annotation-mapping.txt.gz	2d7872d2e8b333c49bfd400b08ed481f
bcm-ov-phosphoproteomics	bcm-ov-phosphoproteomics-OV_phospho_site_abundance_log2_reference_intensity_normalized_Normal.txt.gz	50f40680da5d43982f0b6d84b1f247ac
bcm-ov-phosphoproteomics	bcm-ov-phosphoproteomics-OV_phospho_site_abundance_log2_reference_intensity_normalized_Tumor.txt	e83a328013f04ee381235292721cac5f
bcm-ov-proteomics	bcm-ov-proteomics-OV_proteomics_gene_abundance_log2_reference_intensity_normalized_Normal.txt.gz	90d6443b74d3a6565adba29f405ea4b5
bcm-ov-proteomics	bcm-ov-proteomics-OV_proteomics_gene_abundance_log2_reference_intensity_normalized_Tumor.txt.gz	9889ca9f499a24e416fe44ec8726bfb6
bcm-ov-transcriptomics	bcm-ov-transcriptomics-OV-gene_RSEM_tumor_normal_UQ_log2(x+1)_BCM.txt.gz	cb8d4b78dda29ef774d5fdcae56a556b
bcm-pdac-circular_RNA	bcm-pdac-circular_RNA-PDAC-circRNA_rsem_tumor_normal_UQ_log2(x+1)_BCM.txt.gz	6d7affcc24742e8109447caf376101c0
bcm-pdac-CNV	bcm-pdac-CNV-PDAC_WES_CNV_gene_ratio_log2.txt.gz	3b7a940fe4fd4701439f8a3de21c1999
bcm-pdac-mapping	bcm-pdac-mapping-gencode.v34.basic.annotation-mapping.txt.gz	4f4002c5693cd569371050c6bee69cac
bcm-pdac-miRNA	bcm-pdac-miRNA-PDAC_miRNAseq_mature_miRNA_RPM_log2_Normal.txt.gz	e4bac7cf72fc9c479cfcfa08b74b69aa
bcm-pdac-miRNA	bcm-pdac-miRNA-PDAC_miRNAseq_mature_miRNA_RPM_log2_Tumor.txt.gz	a2f7d434b88aecc704c1dd35f0e61505
bcm-pdac-phosphoproteomics	bcm-pdac-phosphoproteomics-PDAC_phospho_site_abundance_log2_reference_intensity_normalized_Normal.txt.gz	b6b0846db4098c103a7f596fe83b316e
bcm-pdac-phosphoproteomics	bcm-pdac-phosphoproteomics-PDAC_phospho_site_abundance_log2_reference_intensity_normalized_Tumor.txt	968b72da6d0159d6e74c5b2733d4973d
bcm-pdac-proteomics	bcm-pdac-proteomics-PDAC_proteomics_gene_abundance_log2_reference_intensity_normalized_Normal.txt.gz	eb10a9322ffcdc986580ee1dad85be3f
bcm-pdac-proteomics	bcm-pdac-proteomics-PDAC_proteomics_gene_abundance_log2_reference_intensity_normalized_Tumor.txt.gz	988150c28a2c1db14a3c0e62d08c06d2
bcm-pdac-transcriptomics	bcm-pdac-transcriptomics-PDAC-gene_rsem_removed_circRNA_tumor_normal_UQ_log2(x+1)_BCM.txt.gz	202f0a5ba11d7ede7b70f6f88ae69dfb
bcm-ucec-circular_RNA	bcm-ucec-circular_RNA-UCEC-circRNA_rsem_tumor_normal_UQ_log2(x+1)_BCM.txt.gz	5dd5b717d9054ec15d0409fad97f48bb
bcm-ucec-CNV	bcm-ucec-CNV-UCEC_WES_CNV_gene_ratio_log2.txt.gz	b85710a7c40f0b71f1b772c92211d183
bcm-ucec-mapping	bcm-ucec-mapping-gencode.v34.basic.annotation-mapping.txt.gz	f5adffc2cbeda8b13e8c0e09ade81a04
bcm-ucec-miRNA	bcm-ucec-miRNA-UCEC_miRNAseq_mature_miRNA_RPM_log2_Tumor.txt.gz	d9ed7a5455338c83fd0c321f5572e29c
bcm-ucec-phosphoproteomics	bcm-ucec-phosphoproteomics-UCEC_phospho_site_abundance_log2_reference_intensity_normalized_Normal.txt.gz	bae98751943d40ad7dfd76191eb4fb6d
bcm-ucec-phosphoproteomics	bcm-ucec-phosphoproteomics-UCEC_phospho_site_abundance_log2_reference_intensity_normalized_Tumor.txt	de983b7b2fa2be004aff3bf513b798fa
bcm-ucec-proteomics	bcm-ucec-proteomics-UCEC_proteomics_gene_abundance_log2_reference_intensity_normalized_Tumor.txt.gz	7b4e2e7172869d812255f9f7acf44f3d