permutation,fold,threshold,C,l1_ratio,inner_ap
0,0,0.1,0.1,0.5,0.603430
0,1,0.3,0.1,0.1,0.532687
0,2,0.5,0.01,0.1,0.651711
0,3,0.1,1.0,0.5,0.581809
0,4,0.5,0.1,0.1,0.579247
0,5,0.5,1.0,0.1,0.620256
0,6,0.3,1.0,0.5,0.626860
0,7,0.3,1.0,0.5,0.500408
0,8,0.5,0.1,0.9,0.600442
0,9,0.5,1.0,0.9,0.668524
1,0,0.1,1.0,0.9,0.477195
1,1,0.1,0.1,0.9,0.542671
1,2,0.3,0.1,0.9,0.438564
1,3,0.1,0.1,0.1,0.497396
1,4,0.1,0.1,0.9,0.509026
1,5,0.1,1.0,0.9,0.508078
1,6,0.5,0.1,0.5,0.601139
1,7,0.1,0.1,0.1,0.543089
1,8,0.5,1.0,0.9,0.577078
1,9,0.1,1.0,0.9,0.466059
2,0,0.1,0.1,0.9,0.628345
2,1,0.5,1.0,0.9,0.699491
2,2,0.5,0.01,0.1,0.490686
2,3,0.1,1.0,0.9,0.527358
2,4,0.5,1.0,0.5,0.526783
2,5,0.5,1.0,0.9,0.535048
2,6,0.5,1.0,0.9,0.556629
2,7,0.5,0.1,0.9,0.622410
2,8,0.3,1.0,0.9,0.522625
2,9,0.3,0.01,0.1,0.613174
3,0,0.5,0.01,0.1,0.627119
3,1,0.3,1.0,0.1,0.555687
3,2,0.5,0.01,0.1,0.686267
3,3,0.5,1.0,0.5,0.557345
3,4,0.3,0.1,0.5,0.717819
3,5,0.3,0.1,0.9,0.598312
3,6,0.5,1.0,0.1,0.475443
3,7,0.5,0.01,0.1,0.617772
3,8,0.5,0.1,0.9,0.588275
3,9,0.3,0.01,0.1,0.593936
4,0,0.3,0.1,0.5,0.610324
4,1,0.1,1.0,0.1,0.645570
4,2,0.3,1.0,0.1,0.831982
4,3,0.5,0.01,0.1,0.635434
4,4,0.5,1.0,0.5,0.641693
4,5,0.5,1.0,0.5,0.631886
4,6,0.3,1.0,0.1,0.707862
4,7,0.1,0.1,0.9,0.625346
4,8,0.1,0.01,0.1,0.797648
4,9,0.3,1.0,0.1,0.727135
5,0,0.5,1.0,0.9,0.590892
5,1,0.5,0.01,0.1,0.577517
5,2,0.1,0.01,0.1,0.643095
5,3,0.1,1.0,0.1,0.642170
5,4,0.3,1.0,0.1,0.649448
5,5,0.5,0.1,0.1,0.602022
5,6,0.1,0.1,0.1,0.629135
5,7,0.1,1.0,0.1,0.562799
5,8,0.1,0.1,0.1,0.817324
5,9,0.1,1.0,0.1,0.729313
6,0,0.3,0.1,0.9,0.600699
6,1,0.5,1.0,0.1,0.534095
6,2,0.1,0.1,0.1,0.572446
6,3,0.5,0.01,0.1,0.491572
6,4,0.1,0.1,0.5,0.505951
6,5,0.5,1.0,0.1,0.564785
6,6,0.1,1.0,0.1,0.642264
6,7,0.5,1.0,0.9,0.552130
6,8,0.5,1.0,0.5,0.622261
6,9,0.5,1.0,0.5,0.488979
7,0,0.3,0.1,0.9,0.584365
7,1,0.3,0.1,0.9,0.495905
7,2,0.3,1.0,0.5,0.596448
7,3,0.3,0.1,0.9,0.493772
7,4,0.3,1.0,0.9,0.632460
7,5,0.1,0.01,0.5,0.440476
7,6,0.1,0.01,0.1,0.515629
7,7,0.5,0.1,0.9,0.560731
7,8,0.1,0.01,0.5,0.494253
7,9,0.1,0.01,0.1,0.547999
8,0,0.5,0.1,0.1,0.569973
8,1,0.3,0.1,0.9,0.614067
8,2,0.1,0.1,0.5,0.493736
8,3,0.3,0.01,0.1,0.565901
8,4,0.1,0.1,0.9,0.582459
8,5,0.1,0.1,0.9,0.645460
8,6,0.1,1.0,0.9,0.507963
8,7,0.1,1.0,0.5,0.664683
8,8,0.3,0.1,0.1,0.528852
8,9,0.5,0.1,0.9,0.586028
9,0,0.1,1.0,0.9,0.522632
9,1,0.3,0.1,0.9,0.449946
9,2,0.1,0.1,0.5,0.551430
9,3,0.1,1.0,0.9,0.492269
9,4,0.5,1.0,0.5,0.587293
9,5,0.3,0.1,0.9,0.591326
9,6,0.1,0.01,0.1,0.510185
9,7,0.3,0.1,0.9,0.523141
9,8,0.1,0.1,0.5,0.447171
9,9,0.3,0.1,0.1,0.451871
10,0,0.1,1.0,0.1,0.509411
10,1,0.3,0.01,0.1,0.607339
10,2,0.3,0.1,0.1,0.609827
10,3,0.1,0.1,0.9,0.648650
10,4,0.1,0.1,0.5,0.616917
10,5,0.5,0.1,0.9,0.578729
10,6,0.1,0.01,0.1,0.564094
10,7,0.1,1.0,0.9,0.568157
10,8,0.3,0.1,0.5,0.660757
10,9,0.3,1.0,0.9,0.572665
11,0,0.3,1.0,0.1,0.622095
11,1,0.5,1.0,0.1,0.642409
11,2,0.1,0.1,0.5,0.497318
11,3,0.5,1.0,0.9,0.572728
11,4,0.5,0.1,0.1,0.521473
11,5,0.5,0.1,0.9,0.595975
11,6,0.3,1.0,0.1,0.603847
11,7,0.1,1.0,0.9,0.503901
11,8,0.3,1.0,0.9,0.560645
11,9,0.1,1.0,0.1,0.658133
12,0,0.5,1.0,0.9,0.579010
12,1,0.1,0.1,0.1,0.631990
12,2,0.5,0.1,0.1,0.543867
12,3,0.1,0.1,0.9,0.632088
12,4,0.5,0.1,0.9,0.499586
12,5,0.5,0.1,0.9,0.533999
12,6,0.1,1.0,0.1,0.484648
12,7,0.5,0.1,0.1,0.603554
12,8,0.1,1.0,0.9,0.630053
12,9,0.5,0.1,0.9,0.473783
13,0,0.1,0.01,0.5,0.452381
13,1,0.5,0.1,0.9,0.502089
13,2,0.3,1.0,0.9,0.489065
13,3,0.1,0.01,0.5,0.458949
13,4,0.1,1.0,0.5,0.483451
13,5,0.1,0.1,0.9,0.526607
13,6,0.1,0.01,0.5,0.458949
13,7,0.5,1.0,0.5,0.499769
13,8,0.1,0.1,0.9,0.520474
13,9,0.5,1.0,0.5,0.500406
14,0,0.3,0.1,0.1,0.589649
14,1,0.5,0.1,0.1,0.505037
14,2,0.5,0.1,0.9,0.535390
14,3,0.3,0.01,0.1,0.520378
14,4,0.5,0.01,0.1,0.466181
14,5,0.3,0.01,0.1,0.565311
14,6,0.1,1.0,0.5,0.569688
14,7,0.5,0.1,0.9,0.598895
14,8,0.3,1.0,0.9,0.541218
14,9,0.3,1.0,0.9,0.444833
15,0,0.1,0.1,0.5,0.560806
15,1,0.1,0.1,0.1,0.627867
15,2,0.3,1.0,0.9,0.585236
15,3,0.1,1.0,0.1,0.584574
15,4,0.3,0.1,0.9,0.535997
15,5,0.3,0.1,0.1,0.615794
15,6,0.3,1.0,0.9,0.561882
15,7,0.3,1.0,0.5,0.669571
15,8,0.3,0.01,0.1,0.676611
15,9,0.1,1.0,0.1,0.533504
16,0,0.1,1.0,0.9,0.674934
16,1,0.3,1.0,0.1,0.589607
16,2,0.1,0.1,0.1,0.633048
16,3,0.1,0.1,0.1,0.668116
16,4,0.3,1.0,0.1,0.644950
16,5,0.5,0.1,0.9,0.723941
16,6,0.1,1.0,0.9,0.545377
16,7,0.1,1.0,0.9,0.586023
16,8,0.5,1.0,0.1,0.638624
16,9,0.3,0.1,0.1,0.604966
17,0,0.5,1.0,0.9,0.530523
17,1,0.1,1.0,0.1,0.501268
17,2,0.1,0.1,0.5,0.518837
17,3,0.3,1.0,0.9,0.567202
17,4,0.1,0.01,0.5,0.399836
17,5,0.5,0.1,0.9,0.549971
17,6,0.5,1.0,0.9,0.531670
17,7,0.3,1.0,0.9,0.490438
17,8,0.1,0.01,0.5,0.447044
17,9,0.5,0.1,0.9,0.458406
18,0,0.3,0.1,0.9,0.474588
18,1,0.1,0.01,0.5,0.458949
18,2,0.5,0.1,0.9,0.636345
18,3,0.1,1.0,0.9,0.583151
18,4,0.3,0.01,0.1,0.562828
18,5,0.3,1.0,0.5,0.585285
18,6,0.5,0.1,0.9,0.521370
18,7,0.3,0.1,0.9,0.504020
18,8,0.5,0.01,0.1,0.472692
18,9,0.1,0.1,0.1,0.634024
19,0,0.1,1.0,0.1,0.606577
19,1,0.3,1.0,0.5,0.555538
19,2,0.1,1.0,0.9,0.582938
19,3,0.1,0.1,0.9,0.643272
19,4,0.3,0.1,0.9,0.572560
19,5,0.3,0.1,0.9,0.496163
19,6,0.1,0.01,0.1,0.482403
19,7,0.3,1.0,0.5,0.523919
19,8,0.3,1.0,0.1,0.680216
19,9,0.1,0.01,0.1,0.576764
20,0,0.5,1.0,0.9,0.526235
20,1,0.1,0.1,0.9,0.521671
20,2,0.1,0.01,0.5,0.458949
20,3,0.5,0.1,0.1,0.577076
20,4,0.1,1.0,0.9,0.535413
20,5,0.1,0.1,0.9,0.533798
20,6,0.5,0.1,0.9,0.621482
20,7,0.1,1.0,0.9,0.594328
20,8,0.5,1.0,0.9,0.599171
20,9,0.3,1.0,0.9,0.492817
21,0,0.1,0.1,0.1,0.597828
21,1,0.3,1.0,0.9,0.571896
21,2,0.1,1.0,0.5,0.505080
21,3,0.5,1.0,0.9,0.474120
21,4,0.1,0.01,0.5,0.435140
21,5,0.3,1.0,0.5,0.537602
21,6,0.1,1.0,0.9,0.487133
21,7,0.5,0.1,0.9,0.491348
21,8,0.3,1.0,0.9,0.536482
21,9,0.5,1.0,0.9,0.596630
22,0,0.1,1.0,0.1,0.589774
22,1,0.1,1.0,0.9,0.457892
22,2,0.5,0.1,0.9,0.436117
22,3,0.3,0.1,0.9,0.580627
22,4,0.5,1.0,0.9,0.435578
22,5,0.5,0.1,0.9,0.530017
22,6,0.3,0.1,0.9,0.518907
22,7,0.3,1.0,0.9,0.479886
22,8,0.5,1.0,0.9,0.539408
22,9,0.1,1.0,0.9,0.477052
23,0,0.3,0.1,0.9,0.494401
23,1,0.5,1.0,0.5,0.659186
23,2,0.3,0.1,0.9,0.611770
23,3,0.3,1.0,0.1,0.508805
23,4,0.3,1.0,0.9,0.507630
23,5,0.3,0.1,0.9,0.505097
23,6,0.3,1.0,0.5,0.461981
23,7,0.3,1.0,0.9,0.585714
23,8,0.5,0.1,0.1,0.591905
23,9,0.5,1.0,0.9,0.560146
24,0,0.3,1.0,0.9,0.578577
24,1,0.1,1.0,0.1,0.613555
24,2,0.3,1.0,0.5,0.671098
24,3,0.1,0.1,0.1,0.615162
24,4,0.1,1.0,0.9,0.541124
24,5,0.3,0.1,0.5,0.549450
24,6,0.1,0.1,0.1,0.667417
24,7,0.5,1.0,0.5,0.604435
24,8,0.3,1.0,0.5,0.574741
24,9,0.5,0.1,0.9,0.532788
25,0,0.5,0.01,0.1,0.626621
25,1,0.5,0.01,0.1,0.582650
25,2,0.1,0.1,0.5,0.575619
25,3,0.5,1.0,0.5,0.562453
25,4,0.1,1.0,0.9,0.645584
25,5,0.5,1.0,0.9,0.588576
25,6,0.1,0.01,0.1,0.534862
25,7,0.5,1.0,0.5,0.542490
25,8,0.5,1.0,0.9,0.647694
25,9,0.1,0.01,0.1,0.617716
26,0,0.5,0.1,0.9,0.570804
26,1,0.5,0.01,0.1,0.609311
26,2,0.3,1.0,0.5,0.573968
26,3,0.5,1.0,0.1,0.460649
26,4,0.1,1.0,0.1,0.586930
26,5,0.5,0.01,0.1,0.608477
26,6,0.1,1.0,0.1,0.475975
26,7,0.3,0.1,0.1,0.611527
26,8,0.1,1.0,0.1,0.610728
26,9,0.5,0.1,0.9,0.668669
27,0,0.1,0.1,0.9,0.533665
27,1,0.5,1.0,0.1,0.615458
27,2,0.3,0.1,0.1,0.521963
27,3,0.1,1.0,0.1,0.571604
27,4,0.1,1.0,0.9,0.559628
27,5,0.5,1.0,0.1,0.561139
27,6,0.1,1.0,0.1,0.591023
27,7,0.1,1.0,0.9,0.645001
27,8,0.1,0.01,0.5,0.458949
27,9,0.5,1.0,0.9,0.558313
28,0,0.1,0.01,0.5,0.416667
28,1,0.5,0.01,0.1,0.431068
28,2,0.5,0.1,0.9,0.488105
28,3,0.3,1.0,0.9,0.512532
28,4,0.3,1.0,0.9,0.548261
28,5,0.5,0.1,0.9,0.456542
28,6,0.5,0.1,0.1,0.441248
28,7,0.5,0.1,0.9,0.552862
28,8,0.1,0.01,0.5,0.447044
28,9,0.1,0.01,0.1,0.602460
29,0,0.1,1.0,0.9,0.569318
29,1,0.3,0.1,0.5,0.506001
29,2,0.1,0.1,0.1,0.545494
29,3,0.1,1.0,0.9,0.565638
29,4,0.1,0.1,0.9,0.479973
29,5,0.1,1.0,0.1,0.572727
29,6,0.1,1.0,0.1,0.600696
29,7,0.5,0.01,0.1,0.574871
29,8,0.1,1.0,0.1,0.506999
29,9,0.1,1.0,0.9,0.471604
