fraction,repeat,n_train,oof_auprc,arm
0.5,0,42,0.447177,pca
0.5,1,42,0.442026,pca
0.5,2,42,0.430606,pca
0.5,3,42,0.447606,pca
0.5,4,42,0.455531,pca
0.5,5,42,0.441249,pca
0.5,6,42,0.461439,pca
0.5,7,42,0.443794,pca
0.5,8,42,0.433745,pca
0.5,9,42,0.458859,pca
0.7,0,58,0.459928,pca
0.7,1,58,0.434356,pca
0.7,2,58,0.456706,pca
0.7,3,58,0.458511,pca
0.7,4,58,0.463405,pca
0.7,5,58,0.448414,pca
0.7,6,58,0.459027,pca
0.7,7,58,0.474067,pca
0.7,8,58,0.436161,pca
0.7,9,58,0.45645,pca
1.0,0,85,0.458482,pca
1.0,1,85,0.46222,pca
1.0,2,85,0.463317,pca
1.0,3,85,0.469102,pca
1.0,4,85,0.46012,pca
1.0,5,85,0.461846,pca
1.0,6,85,0.466578,pca
1.0,7,85,0.465806,pca
1.0,8,85,0.462894,pca
1.0,9,85,0.464114,pca
