fraction,repeat,n_train,oof_auprc
0.5,0,42,0.47665
0.5,1,42,0.464281
0.5,2,42,0.46593
0.5,3,42,0.456263
0.5,4,42,0.462735
0.5,5,42,0.476649
0.5,6,42,0.46387
0.5,7,42,0.460624
0.5,8,42,0.441634
0.5,9,42,0.46361
0.7,0,58,0.443676
0.7,1,58,0.451215
0.7,2,58,0.452206
0.7,3,58,0.473367
0.7,4,58,0.46113
0.7,5,58,0.436802
0.7,6,58,0.466592
0.7,7,58,0.48523
0.7,8,58,0.441494
0.7,9,58,0.469396
1.0,0,85,0.464659
1.0,1,85,0.464382
1.0,2,85,0.464279
1.0,3,85,0.46442
1.0,4,85,0.464543
1.0,5,85,0.464356
1.0,6,85,0.464386
1.0,7,85,0.4645
1.0,8,85,0.464728
1.0,9,85,0.464484
