event_id,title,status,parent,why,result
E3.1,冻结主管线的完整置换 null,进行中,E3,,
E2.2,患者级重复拆分与折外记录基础,已完成,,,
E2.1,训练折内预处理与泄漏测试,已完成,E2,,
E1.1,病人独立性、标签完整性与类别结构审计,已完成,,,
E1.2,测量缺失与候选特征审计,已完成,E1,,
E0.2,版本化工作记录、日志关联与最终对比报告机制,已完成,,,
E0.4,全局自动化监督器绑定与长间隔心跳,进行中,,,
E0.1,目录、配置与数据 manifest,已完成,E0,,
E0.3,主任务、终点与推断规则冻结,已完成,E0.4,,
E3.1.1,远程主管线脚本同步与 UMAP 补装（受监督项目冻结前核查）,进行中,E3.1,,
E3.1.2,受监督项目物化完成（build-supervised-project 0.1.2）,已完成,E0,,
E3.1,置换 null 运行器实现与远程包（E3.1-S1/S2 完成）,进行中（本地实现完成，远程作业待启动）,E3,,
E3.1,远程置换作业启动（E3.1-S3）与并行改造,进行中（远程作业运行中）,E3,,
E3.1,并行改造审查修复与远程测速烟雾（代码审查反馈落实）,进行中（远程,E3,,
E3.1,64 核约束适配与 60 核烟雾测试启动,进行中（60,E3,,
E3.1,用户预授权（2026-08-07 深夜）,生效中,E3,,
E3.1,GPU 一致性尝试记录（第 1-4 次，预授权执行中）,进行中（第,E3,,
E3.1,GPU 一致性尝试第 5 次（PCA 降维）+ 退回 CPU,进行中（退回,E3,,
E3.1,CPU 退回 + PCA30 方案发现（待用户批准变更）,阻塞于用户批准,E3,,
E3.1,心跳记录（20 分钟检查）,5,,,
E3.1,心跳记录（第 2 次）,仍等待用户批准,,,
E3.1,心跳记录（第 3 次）,等待用户批准,,,
E3.1,心跳记录（第 4 次）,等待用户批准,,,
E3.1,心跳记录（第 5 次）,等待用户批准,,,
E3.1,CPU 500 置换作业启动（按用户指令退回 CPU）,unknown,,,
E3.1,PCA 全量置换启动（pca_elastic_net 主模型）,unknown,,,
E3.2,学习曲线作业启动（与 E3.1 并行）,unknown,,,
E3.1,OpenBLAS 线程超订修复,unknown,,,
E0.5,探索政策授权（2026-08-08）,生效中,E0,,
E0.6,plan v3 并发子代理 + 48h 自动化测试预授权,unknown,,,
E4.1,raw 模型探索模式触发（探索政策）,unknown,,,
E4.1,raw 探索执行模式完成（GPU 方案跑通 + 边界决策通过）,unknown,,,
E0.7,GPU 求解器变更采纳（探索 exp/e4-raw 采纳）,unknown,,,
E3.1,固定超参置换探索触发（探索政策）,unknown,,,
E3.1,固定超参置换探索完成 + 主证据结论,unknown,,,
E3.1,正式产物落位与 E3.1 完成（S5）,**已完成**（500,,,
E3.2,学习曲线中间结果（GPU）,unknown,,,
E3.2,双轨学习曲线（用户选 C）,unknown,,,
E3.2,pca 轨学习曲线完成,unknown,,,
E5,数据路线图完成,unknown,,,
