repeat,fold,feature_set,n_features,n_train,n_test,average_precision,matthews_corrcoef,balanced_accuracy,f1
0,0,phosphoproteome,72361,85,21,0.48972144413320884,-0.05504818825631803,0.4722222222222222,0.42105263157894735
0,1,phosphoproteome,72361,84,22,0.5993073593073592,0.25877458475338283,0.625,0.5555555555555556
0,2,phosphoproteome,72361,85,21,0.3853080165257668,-0.12171612389003691,0.4444444444444444,0.26666666666666666
0,3,phosphoproteome,72361,85,21,0.4270118310482087,-0.26967994498529685,0.3727272727272727,0.23529411764705882
0,4,phosphoproteome,72361,85,21,0.5117460317460317,0.05504818825631803,0.5272727272727272,0.5454545454545454
0,0,multi_ptm,91692,85,21,0.5822276488943156,0.16666666666666666,0.5833333333333333,0.5714285714285714
0,1,multi_ptm,91692,84,22,0.4923086717204364,0.08333333333333333,0.5416666666666667,0.5
0,2,multi_ptm,91692,85,21,0.47572007360449053,-0.08492077756084468,0.45833333333333337,0.35294117647058826
0,3,multi_ptm,91692,85,21,0.5265463702963703,-0.08528028654224416,0.4636363636363636,0.26666666666666666
0,4,multi_ptm,91692,85,21,0.5742857142857143,0.05504818825631803,0.5272727272727272,0.5454545454545454
1,0,phosphoproteome,72361,84,22,0.4067179144385027,-0.08333333333333333,0.45833333333333337,0.45454545454545453
1,1,phosphoproteome,72361,85,21,0.5478208519875187,-0.027777777777777776,0.48611111111111116,0.47619047619047616
1,2,phosphoproteome,72361,85,21,0.41298474916895966,-0.045454545454545456,0.4772727272727273,0.47619047619047616
1,3,phosphoproteome,72361,85,21,0.5662023162023162,0.3042903097250923,0.6388888888888888,0.5333333333333333
1,4,phosphoproteome,72361,85,21,0.6691563042220936,0.26593594178615615,0.6045454545454545,0.42857142857142855
1,0,multi_ptm,91692,84,22,0.4535897487445475,-0.08333333333333333,0.45833333333333337,0.45454545454545453
1,1,multi_ptm,91692,85,21,0.48463265129931804,0.16666666666666666,0.5833333333333333,0.5714285714285714
1,2,multi_ptm,91692,85,21,0.4038489361515677,-0.06741998624632421,0.46818181818181814,0.35294117647058826
1,3,multi_ptm,91692,85,21,0.4415422631108905,-0.12171612389003691,0.4444444444444444,0.26666666666666666
1,4,multi_ptm,91692,85,21,0.519757012852988,0.2412090756622109,0.6090909090909091,0.5
2,0,phosphoproteome,72361,84,22,0.48374713521772345,0.06900655593423542,0.5333333333333333,0.4444444444444444
2,1,phosphoproteome,72361,85,21,0.5377974313268431,-0.14545454545454545,0.42727272727272725,0.4
2,2,phosphoproteome,72361,85,21,0.5310217016099369,0.027777777777777776,0.5138888888888888,0.4444444444444444
2,3,phosphoproteome,72361,85,21,0.6175910119292471,0.3402785236893603,0.6,0.3333333333333333
2,4,phosphoproteome,72361,85,21,0.5239721779195463,0.0700140042014005,0.5277777777777778,0.3076923076923077
2,0,multi_ptm,91692,84,22,0.4774283559577677,-0.1,0.45,0.4
2,1,multi_ptm,91692,85,21,0.5506204906204907,0.13762047064079508,0.5681818181818181,0.5263157894736842
2,2,multi_ptm,91692,85,21,0.4269670688788336,0.11322770341445958,0.5555555555555556,0.47058823529411764
2,3,multi_ptm,91692,85,21,0.46761202033260857,0.023124864503144014,0.5090909090909091,0.2857142857142857
2,4,multi_ptm,91692,85,21,0.4363295654962322,-0.08492077756084468,0.45833333333333337,0.35294117647058826
3,0,phosphoproteome,72361,84,22,0.6227133977133976,0.16035674514745463,0.575,0.47058823529411764
3,1,phosphoproteome,72361,85,21,0.6584967320261438,0.03015113445777636,0.5136363636363637,0.375
3,2,phosphoproteome,72361,85,21,0.5152625324451949,0.11322770341445958,0.5555555555555556,0.47058823529411764
3,3,phosphoproteome,72361,85,21,0.7162930563588458,0.4300756154038903,0.7090909090909091,0.6666666666666666
3,4,phosphoproteome,72361,85,21,0.441917975767305,-0.08492077756084468,0.45833333333333337,0.35294117647058826
3,0,multi_ptm,91692,84,22,0.49534821903242954,-0.035634832254989916,0.4833333333333333,0.35294117647058826
3,1,multi_ptm,91692,85,21,0.5566666666666666,-0.06741998624632421,0.46818181818181814,0.35294117647058826
3,2,multi_ptm,91692,85,21,0.5407333693711402,0.0,0.5,0.375
3,3,multi_ptm,91692,85,21,0.5926340326340326,-0.14545454545454545,0.42727272727272725,0.4
3,4,multi_ptm,91692,85,21,0.4476071767738435,0.0,0.5,0.375
4,0,phosphoproteome,72361,85,21,0.37768230890005916,-0.12171612389003691,0.4444444444444444,0.26666666666666666
4,1,phosphoproteome,72361,84,22,0.5041702741702742,0.06900655593423542,0.5333333333333333,0.4444444444444444
4,2,phosphoproteome,72361,85,21,0.5925008376556363,-0.05504818825631803,0.4727272727272727,0.42105263157894735
4,3,phosphoproteome,72361,85,21,0.4335196391156143,-0.3302891295379082,0.33636363636363636,0.36363636363636365
4,4,phosphoproteome,72361,85,21,0.5910880389724559,-0.09128709291752768,0.4583333333333333,0.5
4,0,multi_ptm,91692,85,21,0.6171125228400771,0.0700140042014005,0.5277777777777778,0.3076923076923077
4,1,multi_ptm,91692,84,22,0.5222846108140226,0.26666666666666666,0.6333333333333333,0.6
4,2,multi_ptm,91692,85,21,0.5308574320416426,0.2337367475021143,0.6136363636363636,0.5555555555555556
4,3,multi_ptm,91692,85,21,0.4188767819727572,-0.3302891295379082,0.33636363636363636,0.36363636363636365
4,4,multi_ptm,91692,85,21,0.564085914085914,0.16666666666666666,0.5833333333333333,0.5714285714285714
5,0,phosphoproteome,72361,84,22,0.45985076327181584,-0.18257418583505536,0.4083333333333333,0.38095238095238093
5,1,phosphoproteome,72361,85,21,0.4887154569430111,0.11322770341445958,0.5555555555555556,0.47058823529411764
5,2,phosphoproteome,72361,85,21,0.5924458874458874,0.23636363636363636,0.6181818181818182,0.6
5,3,phosphoproteome,72361,85,21,0.4438976228449913,-0.12171612389003691,0.4444444444444444,0.26666666666666666
5,4,phosphoproteome,72361,85,21,0.5001206636500755,-0.05504818825631803,0.4727272727272727,0.42105263157894735
5,0,multi_ptm,91692,84,22,0.45564104110543735,-0.23162640965743445,0.3916666666666667,0.23529411764705882
5,1,multi_ptm,91692,85,21,0.5206131912272263,-0.05504818825631803,0.4722222222222222,0.42105263157894735
5,2,multi_ptm,91692,85,21,0.6730154486036838,0.35527985620321373,0.6727272727272727,0.6956521739130435
5,3,multi_ptm,91692,85,21,0.4296989502871856,-0.17503501050350123,0.4305555555555556,0.15384615384615385
5,4,multi_ptm,91692,85,21,0.42754213407851177,-0.3919647479510927,0.3227272727272727,0.125
6,0,phosphoproteome,72361,84,22,0.6733424470266575,0.3563483225498992,0.6666666666666667,0.5882352941176471
6,1,phosphoproteome,72361,85,21,0.48986291486291483,0.03739787960033829,0.5181818181818182,0.4444444444444444
6,2,phosphoproteome,72361,85,21,0.4450080864554549,0.027777777777777776,0.5138888888888888,0.4444444444444444
6,3,phosphoproteome,72361,85,21,0.3821035990153637,-0.26967994498529685,0.3727272727272727,0.23529411764705882
6,4,phosphoproteome,72361,85,21,0.5110876777543444,0.09128709291752768,0.5416666666666666,0.4
6,0,multi_ptm,91692,84,22,0.6613311688311687,0.16878989451394444,0.5833333333333333,0.5263157894736842
6,1,multi_ptm,91692,85,21,0.5867474244022232,0.13483997249264842,0.5636363636363637,0.47058823529411764
6,2,multi_ptm,91692,85,21,0.6085120207927226,0.4166666666666667,0.7083333333333333,0.6666666666666666
6,3,multi_ptm,91692,85,21,0.43738645857066916,-0.26967994498529685,0.3727272727272727,0.23529411764705882
6,4,multi_ptm,91692,85,21,0.5710524043857377,0.11322770341445958,0.5555555555555556,0.47058823529411764
7,0,phosphoproteome,72361,84,22,0.6457268170426065,0.4485426135725303,0.7166666666666667,0.6666666666666666
7,1,phosphoproteome,72361,85,21,0.5664954870837224,0.31137618438976383,0.6527777777777778,0.5882352941176471
7,2,phosphoproteome,72361,85,21,0.4007313571361559,-0.35527985620321373,0.32727272727272727,0.2222222222222222
7,3,phosphoproteome,72361,85,21,0.39542523352120873,-0.33636363636363636,0.3318181818181818,0.3
7,4,phosphoproteome,72361,85,21,0.5829890878910486,0.11322770341445958,0.5555555555555556,0.47058823529411764
7,0,multi_ptm,91692,84,22,0.5057954545454545,0.06900655593423542,0.5333333333333333,0.4444444444444444
7,1,multi_ptm,91692,85,21,0.5314993648326982,0.0,0.5,0.375
7,2,multi_ptm,91692,85,21,0.394188969784945,-0.24771684715343112,0.37727272727272726,0.3157894736842105
7,3,multi_ptm,91692,85,21,0.361541331475542,-0.4403855060505442,0.28181818181818186,0.21052631578947367
7,4,multi_ptm,91692,85,21,0.6249779541446208,0.4166666666666667,0.7083333333333333,0.6666666666666666
8,0,phosphoproteome,72361,85,21,0.5822089947089948,-0.05504818825631803,0.4722222222222222,0.42105263157894735
8,1,phosphoproteome,72361,84,22,0.4132326080352396,-0.12076147288491199,0.44166666666666665,0.3333333333333333
8,2,phosphoproteome,72361,85,21,0.5727512408472161,0.23636363636363636,0.6181818181818182,0.6
8,3,phosphoproteome,72361,85,21,0.4153432188726306,-0.3919647479510927,0.3227272727272727,0.125
8,4,phosphoproteome,72361,85,21,0.3574802390591864,-0.05504818825631803,0.4722222222222222,0.42105263157894735
8,0,multi_ptm,91692,85,21,0.5438580110406736,-0.16666666666666666,0.41666666666666663,0.3333333333333333
8,1,multi_ptm,91692,84,22,0.5001190476190476,0.16035674514745463,0.575,0.47058823529411764
8,2,multi_ptm,91692,85,21,0.5526360241066124,0.14545454545454545,0.5727272727272728,0.5714285714285714
8,3,multi_ptm,91692,85,21,0.39254078738598863,-0.47193990372426947,0.2772727272727273,0.11764705882352941
8,4,multi_ptm,91692,85,21,0.3701909373735999,-0.05504818825631803,0.4722222222222222,0.42105263157894735
9,0,phosphoproteome,72361,84,22,0.48438616938616935,0.16035674514745463,0.575,0.47058823529411764
9,1,phosphoproteome,72361,85,21,0.6761277302943969,0.13762047064079508,0.5694444444444444,0.5263157894736842
9,2,phosphoproteome,72361,85,21,0.5827856405720183,0.13762047064079508,0.5681818181818181,0.5263157894736842
9,3,phosphoproteome,72361,85,21,0.42170124385036667,0.05504818825631803,0.5277777777777778,0.5
9,4,phosphoproteome,72361,85,21,0.4905469968627863,0.023124864503144014,0.5090909090909091,0.2857142857142857
9,0,multi_ptm,91692,84,22,0.6170634920634921,0.25877458475338283,0.625,0.5555555555555556
9,1,multi_ptm,91692,85,21,0.6114739711230939,0.13762047064079508,0.5694444444444444,0.5263157894736842
9,2,multi_ptm,91692,85,21,0.4705297970003852,0.045454545454545456,0.5227272727272727,0.5
9,3,multi_ptm,91692,85,21,0.4080371869845554,-0.05504818825631803,0.4722222222222222,0.42105263157894735
9,4,multi_ptm,91692,85,21,0.5810298473456368,-0.11677484162422845,0.4590909090909091,0.15384615384615385
